[
{
  "model": "admin.logentry",
  "pk": 1,
  "fields": {
    "action_time": "2024-04-09T05:56:40.334Z",
    "user": 1,
    "content_type": 4,
    "object_id": "1",
    "object_repr": "admin",
    "action_flag": 2,
    "change_message": "[{\"added\": {\"name\": \"\\u0434\\u043e\\u043f\\u043e\\u043b\\u043d\\u0438\\u0442\\u0435\\u043b\\u044c\\u043d\\u043e\\u0435 \\u043f\\u043e\\u043b\\u0435\", \"object\": \"admin\"}}]"
  }
},
{
  "model": "admin.logentry",
  "pk": 2,
  "fields": {
    "action_time": "2024-04-09T05:59:48.268Z",
    "user": 1,
    "content_type": 4,
    "object_id": "1",
    "object_repr": "admin",
    "action_flag": 2,
    "change_message": "[{\"changed\": {\"name\": \"\\u0434\\u043e\\u043f\\u043e\\u043b\\u043d\\u0438\\u0442\\u0435\\u043b\\u044c\\u043d\\u043e\\u0435 \\u043f\\u043e\\u043b\\u0435\", \"object\": \"admin\", \"fields\": [\"\\u0424\\u043e\\u0442\\u043e\\u0433\\u0440\\u0430\\u0444\\u0438\\u044f \\u043f\\u0440\\u043e\\u0444\\u0438\\u043b\\u044f\"]}}]"
  }
},
{
  "model": "admin.logentry",
  "pk": 3,
  "fields": {
    "action_time": "2024-04-09T06:00:28.907Z",
    "user": 1,
    "content_type": 4,
    "object_id": "1",
    "object_repr": "admin",
    "action_flag": 2,
    "change_message": "[{\"changed\": {\"name\": \"\\u0434\\u043e\\u043f\\u043e\\u043b\\u043d\\u0438\\u0442\\u0435\\u043b\\u044c\\u043d\\u043e\\u0435 \\u043f\\u043e\\u043b\\u0435\", \"object\": \"admin\", \"fields\": [\"\\u0424\\u043e\\u0442\\u043e\\u0433\\u0440\\u0430\\u0444\\u0438\\u044f \\u043f\\u0440\\u043e\\u0444\\u0438\\u043b\\u044f\"]}}]"
  }
},
{
  "model": "admin.logentry",
  "pk": 4,
  "fields": {
    "action_time": "2024-04-09T06:02:39.097Z",
    "user": 1,
    "content_type": 4,
    "object_id": "1",
    "object_repr": "admin",
    "action_flag": 2,
    "change_message": "[{\"changed\": {\"name\": \"\\u0434\\u043e\\u043f\\u043e\\u043b\\u043d\\u0438\\u0442\\u0435\\u043b\\u044c\\u043d\\u043e\\u0435 \\u043f\\u043e\\u043b\\u0435\", \"object\": \"admin\", \"fields\": [\"\\u0424\\u043e\\u0442\\u043e\\u0433\\u0440\\u0430\\u0444\\u0438\\u044f \\u043f\\u0440\\u043e\\u0444\\u0438\\u043b\\u044f\"]}}]"
  }
},
{
  "model": "admin.logentry",
  "pk": 5,
  "fields": {
    "action_time": "2024-04-09T06:05:47.365Z",
    "user": 1,
    "content_type": 4,
    "object_id": "1",
    "object_repr": "admin",
    "action_flag": 2,
    "change_message": "[{\"changed\": {\"fields\": [\"First name\", \"Last name\", \"Email address\"]}}]"
  }
},
{
  "model": "admin.logentry",
  "pk": 6,
  "fields": {
    "action_time": "2024-04-14T05:37:20.790Z",
    "user": 16,
    "content_type": 4,
    "object_id": "1",
    "object_repr": "admin",
    "action_flag": 2,
    "change_message": "[{\"changed\": {\"fields\": [\"Active\"]}}]"
  }
},
{
  "model": "admin.logentry",
  "pk": 7,
  "fields": {
    "action_time": "2024-04-14T05:38:19.662Z",
    "user": 16,
    "content_type": 4,
    "object_id": "16",
    "object_repr": "vadim",
    "action_flag": 2,
    "change_message": "[{\"changed\": {\"name\": \"\\u0434\\u043e\\u043f\\u043e\\u043b\\u043d\\u0438\\u0442\\u0435\\u043b\\u044c\\u043d\\u043e\\u0435 \\u043f\\u043e\\u043b\\u0435\", \"object\": \"vadim\", \"fields\": [\"\\u0424\\u043e\\u0442\\u043e\\u0433\\u0440\\u0430\\u0444\\u0438\\u044f \\u043f\\u0440\\u043e\\u0444\\u0438\\u043b\\u044f\"]}}]"
  }
},
{
  "model": "admin.logentry",
  "pk": 8,
  "fields": {
    "action_time": "2024-04-14T05:43:02.918Z",
    "user": 16,
    "content_type": 4,
    "object_id": "16",
    "object_repr": "vadim",
    "action_flag": 2,
    "change_message": "[{\"changed\": {\"fields\": [\"Email address\"]}}]"
  }
},
{
  "model": "auth.permission",
  "pk": 1,
  "fields": {
    "name": "Can add log entry",
    "content_type": 1,
    "codename": "add_logentry"
  }
},
{
  "model": "auth.permission",
  "pk": 2,
  "fields": {
    "name": "Can change log entry",
    "content_type": 1,
    "codename": "change_logentry"
  }
},
{
  "model": "auth.permission",
  "pk": 3,
  "fields": {
    "name": "Can delete log entry",
    "content_type": 1,
    "codename": "delete_logentry"
  }
},
{
  "model": "auth.permission",
  "pk": 4,
  "fields": {
    "name": "Can view log entry",
    "content_type": 1,
    "codename": "view_logentry"
  }
},
{
  "model": "auth.permission",
  "pk": 5,
  "fields": {
    "name": "Can add permission",
    "content_type": 2,
    "codename": "add_permission"
  }
},
{
  "model": "auth.permission",
  "pk": 6,
  "fields": {
    "name": "Can change permission",
    "content_type": 2,
    "codename": "change_permission"
  }
},
{
  "model": "auth.permission",
  "pk": 7,
  "fields": {
    "name": "Can delete permission",
    "content_type": 2,
    "codename": "delete_permission"
  }
},
{
  "model": "auth.permission",
  "pk": 8,
  "fields": {
    "name": "Can view permission",
    "content_type": 2,
    "codename": "view_permission"
  }
},
{
  "model": "auth.permission",
  "pk": 9,
  "fields": {
    "name": "Can add group",
    "content_type": 3,
    "codename": "add_group"
  }
},
{
  "model": "auth.permission",
  "pk": 10,
  "fields": {
    "name": "Can change group",
    "content_type": 3,
    "codename": "change_group"
  }
},
{
  "model": "auth.permission",
  "pk": 11,
  "fields": {
    "name": "Can delete group",
    "content_type": 3,
    "codename": "delete_group"
  }
},
{
  "model": "auth.permission",
  "pk": 12,
  "fields": {
    "name": "Can view group",
    "content_type": 3,
    "codename": "view_group"
  }
},
{
  "model": "auth.permission",
  "pk": 13,
  "fields": {
    "name": "Can add user",
    "content_type": 4,
    "codename": "add_user"
  }
},
{
  "model": "auth.permission",
  "pk": 14,
  "fields": {
    "name": "Can change user",
    "content_type": 4,
    "codename": "change_user"
  }
},
{
  "model": "auth.permission",
  "pk": 15,
  "fields": {
    "name": "Can delete user",
    "content_type": 4,
    "codename": "delete_user"
  }
},
{
  "model": "auth.permission",
  "pk": 16,
  "fields": {
    "name": "Can view user",
    "content_type": 4,
    "codename": "view_user"
  }
},
{
  "model": "auth.permission",
  "pk": 17,
  "fields": {
    "name": "Can add content type",
    "content_type": 5,
    "codename": "add_contenttype"
  }
},
{
  "model": "auth.permission",
  "pk": 18,
  "fields": {
    "name": "Can change content type",
    "content_type": 5,
    "codename": "change_contenttype"
  }
},
{
  "model": "auth.permission",
  "pk": 19,
  "fields": {
    "name": "Can delete content type",
    "content_type": 5,
    "codename": "delete_contenttype"
  }
},
{
  "model": "auth.permission",
  "pk": 20,
  "fields": {
    "name": "Can view content type",
    "content_type": 5,
    "codename": "view_contenttype"
  }
},
{
  "model": "auth.permission",
  "pk": 21,
  "fields": {
    "name": "Can add session",
    "content_type": 6,
    "codename": "add_session"
  }
},
{
  "model": "auth.permission",
  "pk": 22,
  "fields": {
    "name": "Can change session",
    "content_type": 6,
    "codename": "change_session"
  }
},
{
  "model": "auth.permission",
  "pk": 23,
  "fields": {
    "name": "Can delete session",
    "content_type": 6,
    "codename": "delete_session"
  }
},
{
  "model": "auth.permission",
  "pk": 24,
  "fields": {
    "name": "Can view session",
    "content_type": 6,
    "codename": "view_session"
  }
},
{
  "model": "auth.permission",
  "pk": 25,
  "fields": {
    "name": "Can add дополнительное поле",
    "content_type": 7,
    "codename": "add_profile"
  }
},
{
  "model": "auth.permission",
  "pk": 26,
  "fields": {
    "name": "Can change дополнительное поле",
    "content_type": 7,
    "codename": "change_profile"
  }
},
{
  "model": "auth.permission",
  "pk": 27,
  "fields": {
    "name": "Can delete дополнительное поле",
    "content_type": 7,
    "codename": "delete_profile"
  }
},
{
  "model": "auth.permission",
  "pk": 28,
  "fields": {
    "name": "Can view дополнительное поле",
    "content_type": 7,
    "codename": "view_profile"
  }
},
{
  "model": "auth.permission",
  "pk": 29,
  "fields": {
    "name": "Can add user",
    "content_type": 8,
    "codename": "add_user"
  }
},
{
  "model": "auth.permission",
  "pk": 30,
  "fields": {
    "name": "Can change user",
    "content_type": 8,
    "codename": "change_user"
  }
},
{
  "model": "auth.permission",
  "pk": 31,
  "fields": {
    "name": "Can delete user",
    "content_type": 8,
    "codename": "delete_user"
  }
},
{
  "model": "auth.permission",
  "pk": 32,
  "fields": {
    "name": "Can view user",
    "content_type": 8,
    "codename": "view_user"
  }
},
{
  "model": "auth.permission",
  "pk": 33,
  "fields": {
    "name": "Can add kv store",
    "content_type": 9,
    "codename": "add_kvstore"
  }
},
{
  "model": "auth.permission",
  "pk": 34,
  "fields": {
    "name": "Can change kv store",
    "content_type": 9,
    "codename": "change_kvstore"
  }
},
{
  "model": "auth.permission",
  "pk": 35,
  "fields": {
    "name": "Can delete kv store",
    "content_type": 9,
    "codename": "delete_kvstore"
  }
},
{
  "model": "auth.permission",
  "pk": 36,
  "fields": {
    "name": "Can view kv store",
    "content_type": 9,
    "codename": "view_kvstore"
  }
},
{
  "model": "auth.user",
  "pk": 1,
  "fields": {
    "password": "pbkdf2_sha256$720000$WeIukZpcbugbArZuFGgK6N$O2c/S8VuxaGh43nLh4wN5mRbl6tFyNBQX6tj/UDNf8E=",
    "last_login": "2024-04-13T09:29:19Z",
    "is_superuser": true,
    "username": "admin",
    "first_name": "Вадим",
    "last_name": "Старцев",
    "email": "macalistervadim@yandex.ru",
    "is_staff": true,
    "is_active": true,
    "date_joined": "2024-04-09T05:56:25Z",
    "groups": [],
    "user_permissions": []
  }
},
{
  "model": "auth.user",
  "pk": 2,
  "fields": {
    "password": "pbkdf2_sha256$720000$yIGn2SDix5eZ4S6jftWq1F$xDF2gC4IDoP3/5WI9w6YJ1r4ca3Vy7fHOqiOEnPim/o=",
    "last_login": "2024-04-13T06:59:33.514Z",
    "is_superuser": false,
    "username": "startsevvadim2007@gmail.com",
    "first_name": "",
    "last_name": "",
    "email": "startsevvadim2007@gmail.com",
    "is_staff": false,
    "is_active": true,
    "date_joined": "2024-04-13T06:58:14.537Z",
    "groups": [],
    "user_permissions": []
  }
},
{
  "model": "auth.user",
  "pk": 3,
  "fields": {
    "password": "pbkdf2_sha256$720000$QFj95kr6fm78FA3yNIxIpS$OxXcnZwHCjgxmwMyHV5o0IDgW5Q28KFE7x2YcD+Jglk=",
    "last_login": null,
    "is_superuser": false,
    "username": "Алекс",
    "first_name": "",
    "last_name": "",
    "email": "sjdfjfdsjfsdj@mail.ru",
    "is_staff": false,
    "is_active": false,
    "date_joined": "2024-04-13T08:42:17.656Z",
    "groups": [],
    "user_permissions": []
  }
},
{
  "model": "auth.user",
  "pk": 4,
  "fields": {
    "password": "pbkdf2_sha256$720000$SSV4LfiJT7zNRIojbsd51m$M1BsnNHn+/tRsvUsGuHilXIJXuNmUY+DrvVsl7V1dWM=",
    "last_login": null,
    "is_superuser": false,
    "username": "Вад",
    "first_name": "",
    "last_name": "",
    "email": "hjkhjkhjkhj@mail.ru",
    "is_staff": false,
    "is_active": false,
    "date_joined": "2024-04-13T08:44:34.137Z",
    "groups": [],
    "user_permissions": []
  }
},
{
  "model": "auth.user",
  "pk": 5,
  "fields": {
    "password": "pbkdf2_sha256$720000$U7Nab7koqOIeKFJu5sBUYS$VE3cbI0kxGuVl8jrDeYSQwb0FotG2dbf+irLOHMROFo=",
    "last_login": null,
    "is_superuser": false,
    "username": "dfsfsdfddfsfsdfdsfsd@mail.rusfsd@mail.ru",
    "first_name": "",
    "last_name": "",
    "email": "dfsfsdfdsfsd@mail.ru",
    "is_staff": false,
    "is_active": false,
    "date_joined": "2024-04-13T08:47:20.479Z",
    "groups": [],
    "user_permissions": []
  }
},
{
  "model": "auth.user",
  "pk": 6,
  "fields": {
    "password": "pbkdf2_sha256$720000$MbElrouejt4xqJ3G73OyfT$LsTa6u3b6As9gIqRV9OTHJ8kdB9U3ts5ho3t0uscbOI=",
    "last_login": null,
    "is_superuser": false,
    "username": "dfsfsdfddfsfsdfdsfsd@mail.rusfs",
    "first_name": "",
    "last_name": "",
    "email": "dfsfsdfdsfsd@mail.ru",
    "is_staff": false,
    "is_active": false,
    "date_joined": "2024-04-13T08:47:59.187Z",
    "groups": [],
    "user_permissions": []
  }
},
{
  "model": "auth.user",
  "pk": 7,
  "fields": {
    "password": "pbkdf2_sha256$720000$9iKM0C4K3rZ7KWeIQ2dBBK$n5DRfScLtsrIepDMtnbIwlosj4A+bJPRzxszb+SaiUc=",
    "last_login": null,
    "is_superuser": false,
    "username": "dfsfsdfddf",
    "first_name": "",
    "last_name": "",
    "email": "dfsfsdfdsfsd@mail.ru",
    "is_staff": false,
    "is_active": false,
    "date_joined": "2024-04-13T08:51:39.791Z",
    "groups": [],
    "user_permissions": []
  }
},
{
  "model": "auth.user",
  "pk": 8,
  "fields": {
    "password": "pbkdf2_sha256$720000$bwyIhvWx6UL0QM97JkWwpo$1rGCNZFkxGALBzkmEUwRGA/tS3Y1WILgLzRLaCNoZig=",
    "last_login": null,
    "is_superuser": false,
    "username": "dfsfsdfdd",
    "first_name": "",
    "last_name": "",
    "email": "dfsfsdfdsfsd@mail.ru",
    "is_staff": false,
    "is_active": false,
    "date_joined": "2024-04-13T08:53:05.011Z",
    "groups": [],
    "user_permissions": []
  }
},
{
  "model": "auth.user",
  "pk": 9,
  "fields": {
    "password": "pbkdf2_sha256$720000$R5t9dZRblvyWZlCE7VtbeF$Pytt5YgX4czJE/rnHDiy7plhtLENfLkA10mt9pVXT5g=",
    "last_login": null,
    "is_superuser": false,
    "username": "dfsfsdfd",
    "first_name": "",
    "last_name": "",
    "email": "dfsfsdfdsfsd@mail.ru",
    "is_staff": false,
    "is_active": false,
    "date_joined": "2024-04-13T08:53:42.481Z",
    "groups": [],
    "user_permissions": []
  }
},
{
  "model": "auth.user",
  "pk": 10,
  "fields": {
    "password": "pbkdf2_sha256$720000$svOwE74amCDaGH6voi5vtt$aWlZJfBto6Zd4nxzsbREuwmXLWY8U45iKZ6NOgFACtE=",
    "last_login": null,
    "is_superuser": false,
    "username": "dfsfsd",
    "first_name": "",
    "last_name": "",
    "email": "dfsfsdfdsfsd@mail.ru",
    "is_staff": false,
    "is_active": false,
    "date_joined": "2024-04-13T08:54:19.015Z",
    "groups": [],
    "user_permissions": []
  }
},
{
  "model": "auth.user",
  "pk": 11,
  "fields": {
    "password": "pbkdf2_sha256$720000$0xfeu2JaaK1OSSuuhepyJA$ULMIU/hqxZYk6CmIKQuAYnv/HzLw3WecjC8L7ywxS2Q=",
    "last_login": null,
    "is_superuser": false,
    "username": "Александр",
    "first_name": "",
    "last_name": "",
    "email": "sdfijunhydsutgfbysudhijfishyodujfhjsudio@mail.ru",
    "is_staff": false,
    "is_active": false,
    "date_joined": "2024-04-13T09:01:45.899Z",
    "groups": [],
    "user_permissions": []
  }
},
{
  "model": "auth.user",
  "pk": 12,
  "fields": {
    "password": "pbkdf2_sha256$720000$AnxO3spzIBDniKUdxHBYwf$689XijjmTJN9cL08FdrjQA0cdWGRs3eMXmAez2jO7m0=",
    "last_login": null,
    "is_superuser": false,
    "username": "Александ",
    "first_name": "",
    "last_name": "",
    "email": "sdfijunhydsutgfbysudhijfishyodujf@mail.ru",
    "is_staff": false,
    "is_active": false,
    "date_joined": "2024-04-13T09:05:17.617Z",
    "groups": [],
    "user_permissions": []
  }
},
{
  "model": "auth.user",
  "pk": 13,
  "fields": {
    "password": "pbkdf2_sha256$720000$WOxhawl5IT2RUo1ItE3sOt$s+zDRgbhEGRwPQCMgfNkdD3K6fgdYMbUuYeJkb/01YM=",
    "last_login": null,
    "is_superuser": false,
    "username": "Алексан",
    "first_name": "",
    "last_name": "",
    "email": "sdfijunhydsutgfbysudhijfishyodujf@mail.ru",
    "is_staff": false,
    "is_active": false,
    "date_joined": "2024-04-13T09:06:50.744Z",
    "groups": [],
    "user_permissions": []
  }
},
{
  "model": "auth.user",
  "pk": 14,
  "fields": {
    "password": "pbkdf2_sha256$720000$xmACox1qgwmEA3zAFfe4Nj$dczqC2m8OHwRianTPXbw+TOcYAiEg4f4ZWjMoWXiPrE=",
    "last_login": "2024-04-13T09:17:47.613Z",
    "is_superuser": false,
    "username": "Алекса",
    "first_name": "",
    "last_name": "",
    "email": "sdfijunhydsutgfbysudhijfishyodujf@mail.ru",
    "is_staff": false,
    "is_active": false,
    "date_joined": "2024-04-13T09:07:43.420Z",
    "groups": [],
    "user_permissions": []
  }
},
{
  "model": "auth.user",
  "pk": 15,
  "fields": {
    "password": "pbkdf2_sha256$720000$Yjv7osDsQbS48U4MkGOEbL$S4i5yaVGwVng75lp3q3FklwoydYBsF9J70mwaH68pfo=",
    "last_login": null,
    "is_superuser": false,
    "username": "sdffsdfsdsdf",
    "first_name": "",
    "last_name": "",
    "email": "fsdfsdfsfdsdf@mail.ru",
    "is_staff": false,
    "is_active": false,
    "date_joined": "2024-04-14T05:03:28.429Z",
    "groups": [],
    "user_permissions": []
  }
},
{
  "model": "auth.user",
  "pk": 16,
  "fields": {
    "password": "pbkdf2_sha256$720000$oiFCBdV3cRPNf1miIJj0pA$VFuI5IPA747MjXY8wfft6u37B/drs9/TP8zJafKX5V4=",
    "last_login": "2024-04-14T05:47:36.962Z",
    "is_superuser": true,
    "username": "vadim",
    "first_name": "Вадим",
    "last_name": "",
    "email": "dfsfdsfdsfd@mail.ru",
    "is_staff": true,
    "is_active": true,
    "date_joined": "2024-04-14T05:23:41Z",
    "groups": [],
    "user_permissions": []
  }
},
{
  "model": "auth.user",
  "pk": 17,
  "fields": {
    "password": "pbkdf2_sha256$720000$fRIDGbHAuBildBCoCaixeD$EE9dB3LC3FnWnyHPyf83iZRBAlawwIFwBAc/24oQEOM=",
    "last_login": "2024-04-14T05:25:29.269Z",
    "is_superuser": false,
    "username": "vad",
    "first_name": "",
    "last_name": "",
    "email": "vad@vad.com",
    "is_staff": false,
    "is_active": true,
    "date_joined": "2024-04-14T05:25:13.234Z",
    "groups": [],
    "user_permissions": []
  }
},
{
  "model": "contenttypes.contenttype",
  "pk": 1,
  "fields": {
    "app_label": "admin",
    "model": "logentry"
  }
},
{
  "model": "contenttypes.contenttype",
  "pk": 2,
  "fields": {
    "app_label": "auth",
    "model": "permission"
  }
},
{
  "model": "contenttypes.contenttype",
  "pk": 3,
  "fields": {
    "app_label": "auth",
    "model": "group"
  }
},
{
  "model": "contenttypes.contenttype",
  "pk": 4,
  "fields": {
    "app_label": "auth",
    "model": "user"
  }
},
{
  "model": "contenttypes.contenttype",
  "pk": 5,
  "fields": {
    "app_label": "contenttypes",
    "model": "contenttype"
  }
},
{
  "model": "contenttypes.contenttype",
  "pk": 6,
  "fields": {
    "app_label": "sessions",
    "model": "session"
  }
},
{
  "model": "contenttypes.contenttype",
  "pk": 7,
  "fields": {
    "app_label": "users",
    "model": "profile"
  }
},
{
  "model": "contenttypes.contenttype",
  "pk": 8,
  "fields": {
    "app_label": "users",
    "model": "user"
  }
},
{
  "model": "contenttypes.contenttype",
  "pk": 9,
  "fields": {
    "app_label": "thumbnail",
    "model": "kvstore"
  }
},
{
  "model": "sessions.session",
  "pk": "blnd4g5cbevoznzi04of4nhv48t95lye",
  "fields": {
    "session_data": ".eJxVizEOwyAMRe_CXEUmgA3d2osgY4yoKnUozVT17k2kDMn4_nv_azIvn56Xoe_8qOZqLJrLcSwsT31tZsMx7Tym25rcd3l6dB59zd1cgTwStlBCiAk9QwnOavOorDQ7L1GDVAGLEQQStdQqCZItCGx-f2DSMhQ:1rvsiG:wXpXkJk807uEJsCQp2CDz6-BhccygUMzLQzvTfbelf4",
    "expire_date": "2024-04-28T05:47:36.963Z"
  }
},
{
  "model": "users.profile",
  "pk": 1,
  "fields": {
    "user": 1,
    "avatar": "",
    "attempts_count": 0,
    "block_date": null
  }
},
{
  "model": "users.profile",
  "pk": 2,
  "fields": {
    "user": 2,
    "avatar": "",
    "attempts_count": 0,
    "block_date": null
  }
},
{
  "model": "users.profile",
  "pk": 3,
  "fields": {
    "user": 3,
    "avatar": "",
    "attempts_count": 0,
    "block_date": null
  }
},
{
  "model": "users.profile",
  "pk": 4,
  "fields": {
    "user": 4,
    "avatar": "",
    "attempts_count": 0,
    "block_date": null
  }
},
{
  "model": "users.profile",
  "pk": 5,
  "fields": {
    "user": 5,
    "avatar": "",
    "attempts_count": 0,
    "block_date": null
  }
},
{
  "model": "users.profile",
  "pk": 6,
  "fields": {
    "user": 6,
    "avatar": "",
    "attempts_count": 0,
    "block_date": null
  }
},
{
  "model": "users.profile",
  "pk": 7,
  "fields": {
    "user": 7,
    "avatar": "",
    "attempts_count": 0,
    "block_date": null
  }
},
{
  "model": "users.profile",
  "pk": 8,
  "fields": {
    "user": 8,
    "avatar": "",
    "attempts_count": 0,
    "block_date": null
  }
},
{
  "model": "users.profile",
  "pk": 9,
  "fields": {
    "user": 9,
    "avatar": "",
    "attempts_count": 0,
    "block_date": null
  }
},
{
  "model": "users.profile",
  "pk": 10,
  "fields": {
    "user": 10,
    "avatar": "",
    "attempts_count": 4,
    "block_date": "2024-04-14T05:46:42.555Z"
  }
},
{
  "model": "users.profile",
  "pk": 11,
  "fields": {
    "user": 11,
    "avatar": "",
    "attempts_count": 0,
    "block_date": null
  }
},
{
  "model": "users.profile",
  "pk": 12,
  "fields": {
    "user": 12,
    "avatar": "",
    "attempts_count": 0,
    "block_date": null
  }
},
{
  "model": "users.profile",
  "pk": 13,
  "fields": {
    "user": 13,
    "avatar": "",
    "attempts_count": 0,
    "block_date": null
  }
},
{
  "model": "users.profile",
  "pk": 14,
  "fields": {
    "user": 14,
    "avatar": "",
    "attempts_count": 3,
    "block_date": null
  }
},
{
  "model": "users.profile",
  "pk": 15,
  "fields": {
    "user": 15,
    "avatar": "",
    "attempts_count": 4,
    "block_date": "2024-04-14T05:03:52.220Z"
  }
},
{
  "model": "users.profile",
  "pk": 16,
  "fields": {
    "user": 17,
    "avatar": "",
    "attempts_count": 1,
    "block_date": null
  }
},
{
  "model": "users.profile",
  "pk": 17,
  "fields": {
    "user": 16,
    "avatar": "profile/17/95e48b6a-75b8-4267-b0ca-b6bcfb687287.jpg",
    "attempts_count": 0,
    "block_date": null
  }
},
{
  "model": "thumbnail.kvstore",
  "pk": "sorl-thumbnail||image||2634c2c2e96a28c95bb7129e2159e3a8",
  "fields": {
    "value": "{\"name\": \"cache/93/02/9302e3621b34b68188cd4a4509f93839.jpg\", \"storage\": \"django.core.files.storage.filesystem.FileSystemStorage\", \"size\": [300, 300]}"
  }
},
{
  "model": "thumbnail.kvstore",
  "pk": "sorl-thumbnail||image||683300525a008ea7d92c01b4736ae3c9",
  "fields": {
    "value": "{\"name\": \"cache/4d/fd/4dfdc77b314a26f00422c89edaffcdbf.jpg\", \"storage\": \"django.core.files.storage.filesystem.FileSystemStorage\", \"size\": [150, 150]}"
  }
},
{
  "model": "thumbnail.kvstore",
  "pk": "sorl-thumbnail||image||7c3df836270ed709225b8c4f34685328",
  "fields": {
    "value": "{\"name\": \"cache/6f/9e/6f9ea8829e054b791e21f5c8073b7bff.jpg\", \"storage\": \"django.core.files.storage.filesystem.FileSystemStorage\", \"size\": [300, 300]}"
  }
},
{
  "model": "thumbnail.kvstore",
  "pk": "sorl-thumbnail||image||80f0a850aa09b4f0e01ed600c0559817",
  "fields": {
    "value": "{\"name\": \"cache/2d/4e/2d4e2be6adff6da113d3793e32bdcd45.jpg\", \"storage\": \"django.core.files.storage.filesystem.FileSystemStorage\", \"size\": [300, 300]}"
  }
},
{
  "model": "thumbnail.kvstore",
  "pk": "sorl-thumbnail||image||87e6be40eb2ddf1c0d1a387a423e6078",
  "fields": {
    "value": "{\"name\": \"profile/17/95e48b6a-75b8-4267-b0ca-b6bcfb687287.jpg\", \"storage\": \"django.core.files.storage.filesystem.FileSystemStorage\", \"size\": [1280, 720]}"
  }
},
{
  "model": "thumbnail.kvstore",
  "pk": "sorl-thumbnail||image||9dcc5fd00eafa194accf51ca72282165",
  "fields": {
    "value": "{\"name\": \"profile/17/aa9a75a8-7136-4e0f-b873-5545b55f5176.jpg\", \"storage\": \"django.core.files.storage.filesystem.FileSystemStorage\", \"size\": [1080, 1189]}"
  }
},
{
  "model": "thumbnail.kvstore",
  "pk": "sorl-thumbnail||image||c39e52aacc5dea695fa5736fd8ea8de2",
  "fields": {
    "value": "{\"name\": \"cache/ed/36/ed362bf80edef32d3c39a8e6821900bd.jpg\", \"storage\": \"django.core.files.storage.filesystem.FileSystemStorage\", \"size\": [300, 300]}"
  }
},
{
  "model": "thumbnail.kvstore",
  "pk": "sorl-thumbnail||image||cae81d06983ff485cae3f1611628134a",
  "fields": {
    "value": "{\"name\": \"cache/e4/2f/e42f4e87fbeb52d8199d9439a370d6d6.jpg\", \"storage\": \"django.core.files.storage.filesystem.FileSystemStorage\", \"size\": [300, 300]}"
  }
},
{
  "model": "thumbnail.kvstore",
  "pk": "sorl-thumbnail||image||f15fa1151de414fec5ea8e0037d46118",
  "fields": {
    "value": "{\"name\": \"profile/17/3cfef954-ed1a-44bf-9a6b-3246909d4639.jpg\", \"storage\": \"django.core.files.storage.filesystem.FileSystemStorage\", \"size\": [1280, 720]}"
  }
},
{
  "model": "thumbnail.kvstore",
  "pk": "sorl-thumbnail||image||f43b6e776d89550b938b89e5fc25fc64",
  "fields": {
    "value": "{\"name\": \"profile/17/cd203ed3-07e2-41d2-902b-5bb670e4f0be.jpg\", \"storage\": \"django.core.files.storage.filesystem.FileSystemStorage\", \"size\": [1280, 720]}"
  }
},
{
  "model": "thumbnail.kvstore",
  "pk": "sorl-thumbnail||image||f453b4be477926afb3053f16ba33167f",
  "fields": {
    "value": "{\"name\": \"profile/17/4ccc6cdc-4d03-4ee9-89ba-f9b55f5c5ea7.jpg\", \"storage\": \"django.core.files.storage.filesystem.FileSystemStorage\", \"size\": [1080, 1189]}"
  }
},
{
  "model": "thumbnail.kvstore",
  "pk": "sorl-thumbnail||thumbnails||87e6be40eb2ddf1c0d1a387a423e6078",
  "fields": {
    "value": "[\"c39e52aacc5dea695fa5736fd8ea8de2\"]"
  }
},
{
  "model": "thumbnail.kvstore",
  "pk": "sorl-thumbnail||thumbnails||9dcc5fd00eafa194accf51ca72282165",
  "fields": {
    "value": "[\"683300525a008ea7d92c01b4736ae3c9\", \"80f0a850aa09b4f0e01ed600c0559817\"]"
  }
},
{
  "model": "thumbnail.kvstore",
  "pk": "sorl-thumbnail||thumbnails||f15fa1151de414fec5ea8e0037d46118",
  "fields": {
    "value": "[\"7c3df836270ed709225b8c4f34685328\"]"
  }
},
{
  "model": "thumbnail.kvstore",
  "pk": "sorl-thumbnail||thumbnails||f43b6e776d89550b938b89e5fc25fc64",
  "fields": {
    "value": "[\"cae81d06983ff485cae3f1611628134a\"]"
  }
},
{
  "model": "thumbnail.kvstore",
  "pk": "sorl-thumbnail||thumbnails||f453b4be477926afb3053f16ba33167f",
  "fields": {
    "value": "[\"2634c2c2e96a28c95bb7129e2159e3a8\"]"
  }
}
]
